员工,时期,时间,地点
张建国,1,00:00-08:00,/
张建国,1,08:00-09:00,/
张建国,1,09:00-10:00,/
张建国,1,10:00-11:00,/
张建国,1,11:00-12:00,/
张建国,1,12:00-13:00,/
张建国,1,13:00-14:00,/
张建国,1,14:00-15:00,/
张建国,1,15:00-16:00,/
张建国,1,16:00-17:00,/
张建国,1,17:00-18:00,/
张建国,1,18:00-23:59,/
张建国,2,00:00-08:00,/
张建国,2,08:00-09:00,/
张建国,2,09:00-10:00,/
张建国,2,10:00-11:00,/
张建国,2,11:00-12:00,/
张建国,2,12:00-13:00,/
张建国,2,13:00-14:00,/
张建国,2,14:00-15:00,/
张建国,2,15:00-16:00,/
张建国,2,16:00-17:00,/
张建国,2,17:00-18:00,/
张建国,2,18:00-23:59,/
张建国,3,00:00-08:00,/
张建国,3,08:00-09:00,匹萨马萨诺宝山万达
张建国,3,09:00-10:00,/
张建国,3,10:00-11:00,/
张建国,3,11:00-12:00,/
张建国,3,12:00-13:00,/
张建国,3,13:00-14:00,/
张建国,3,14:00-15:00,/
张建国,3,15:00-16:00,/
张建国,3,16:00-17:00,/
张建国,3,17:00-18:00,/
张建国,3,18:00-23:59,/
张建国,4,00:00-08:00,/
张建国,4,08:00-09:00,/
张建国,4,09:00-10:00,/
张建国,4,10:00-11:00,网鱼网咖虹桥天地
张建国,4,11:00-12:00,/
张建国,4,12:00-13:00,/
张建国,4,13:00-14:00,/
张建国,4,14:00-15:00,/
张建国,4,15:00-16:00,/
张建国,4,16:00-17:00,/
张建国,4,17:00-18:00,/
张建国,4,18:00-23:59,/
张建国,5,00:00-08:00,/
张建国,5,08:00-09:00,/
张建国,5,09:00-10:00,星巴克上海
张建国,5,10:00-11:00,/
张建国,5,11:00-12:00,/
张建国,5,12:00-13:00,/
张建国,5,13:00-14:00,/
张建国,5,14:00-15:00,/
张建国,5,15:00-16:00,/
张建国,5,16:00-17:00,/
张建国,5,17:00-18:00,/
张建国,5,18:00-23:59,/
张建国,6,00:00-08:00,/
张建国,6,08:00-09:00,/
张建国,6,09:00-10:00,/
张建国,6,10:00-11:00,/
张建国,6,11:00-12:00,/
张建国,6,12:00-13:00,/
张建国,6,13:00-14:00,/
张建国,6,14:00-15:00,/
张建国,6,15:00-16:00,/
张建国,6,16:00-17:00,/
张建国,6,17:00-18:00,/
张建国,6,18:00-23:59,/
张建国,7,00:00-08:00,/
张建国,7,08:00-09:00,/
张建国,7,09:00-10:00,/
张建国,7,10:00-11:00,星巴克上海
张建国,7,11:00-12:00,/
张建国,7,12:00-13:00,/
张建国,7,13:00-14:00,/
张建国,7,14:00-15:00,/
张建国,7,15:00-16:00,/
张建国,7,16:00-17:00,/
张建国,7,17:00-18:00,/
张建国,7,18:00-23:59,/
张建国,8,00:00-08:00,/
张建国,8,08:00-09:00,/
张建国,8,09:00-10:00,星巴克上海
张建国,8,10:00-11:00,/
张建国,8,11:00-12:00,/
张建国,8,12:00-13:00,/
张建国,8,13:00-14:00,/
张建国,8,14:00-15:00,/
张建国,8,15:00-16:00,/
张建国,8,16:00-17:00,/
张建国,8,17:00-18:00,/
张建国,8,18:00-23:59,/
张建国,9,00:00-08:00,/
张建国,9,08:00-09:00,/
张建国,9,09:00-10:00,/
张建国,9,10:00-11:00,/
张建国,9,11:00-12:00,/
张建国,9,12:00-13:00,/
张建国,9,13:00-14:00,/
张建国,9,14:00-15:00,/
张建国,9,15:00-16:00,/
张建国,9,16:00-17:00,/
张建国,9,17:00-18:00,/
张建国,9,18:00-23:59,/
张建国,10,00:00-08:00,/
张建国,10,08:00-09:00,/
张建国,10,09:00-10:00,/
张建国,10,10:00-11:00,/
张建国,10,11:00-12:00,/
张建国,10,12:00-13:00,/
张建国,10,13:00-14:00,/
张建国,10,14:00-15:00,/
张建国,10,15:00-16:00,/
张建国,10,16:00-17:00,/
张建国,10,17:00-18:00,/
张建国,10,18:00-23:59,/
张建国,11,00:00-08:00,/
张建国,11,08:00-09:00,/
张建国,11,09:00-10:00,/
张建国,11,10:00-11:00,/
张建国,11,11:00-12:00,/
张建国,11,12:00-13:00,/
张建国,11,13:00-14:00,/
张建国,11,14:00-15:00,/
张建国,11,15:00-16:00,/
张建国,11,16:00-17:00,/
张建国,11,17:00-18:00,/
张建国,11,18:00-23:59,/
张建国,12,00:00-08:00,/
张建国,12,08:00-09:00,/
张建国,12,09:00-10:00,/
张建国,12,10:00-11:00,/
张建国,12,11:00-12:00,/
张建国,12,12:00-13:00,/
张建国,12,13:00-14:00,/
张建国,12,14:00-15:00,/
张建国,12,15:00-16:00,/
张建国,12,16:00-17:00,/
张建国,12,17:00-18:00,/
张建国,12,18:00-23:59,/
张建国,13,00:00-08:00,/
张建国,13,08:00-09:00,/
张建国,13,09:00-10:00,/
张建国,13,10:00-11:00,/
张建国,13,11:00-12:00,/
张建国,13,12:00-13:00,/
张建国,13,13:00-14:00,/
张建国,13,14:00-15:00,/
张建国,13,15:00-16:00,/
张建国,13,16:00-17:00,/
张建国,13,17:00-18:00,/
张建国,13,18:00-23:59,/
张建国,14,00:00-08:00,/
张建国,14,08:00-09:00,/
张建国,14,09:00-10:00,/
张建国,14,10:00-11:00,/
张建国,14,11:00-12:00,/
张建国,14,12:00-13:00,/
张建国,14,13:00-14:00,/
张建国,14,14:00-15:00,/
张建国,14,15:00-16:00,/
张建国,14,16:00-17:00,/
张建国,14,17:00-18:00,/
张建国,14,18:00-23:59,/
张建国,15,00:00-08:00,/
张建国,15,08:00-09:00,/
张建国,15,09:00-10:00,/
张建国,15,10:00-11:00,/
张建国,15,11:00-12:00,/
张建国,15,12:00-13:00,/
张建国,15,13:00-14:00,/
张建国,15,14:00-15:00,/
张建国,15,15:00-16:00,/
张建国,15,16:00-17:00,/
张建国,15,17:00-18:00,/
张建国,15,18:00-23:59,/
张建国,16,00:00-08:00,/
张建国,16,08:00-09:00,/
张建国,16,09:00-10:00,/
张建国,16,10:00-11:00,/
张建国,16,11:00-12:00,/
张建国,16,12:00-13:00,/
张建国,16,13:00-14:00,/
张建国,16,14:00-15:00,/
张建国,16,15:00-16:00,/
张建国,16,16:00-17:00,/
张建国,16,17:00-18:00,/
张建国,16,18:00-23:59,/
张建国,17,00:00-08:00,/
张建国,17,08:00-09:00,/
张建国,17,09:00-10:00,/
张建国,17,10:00-11:00,/
张建国,17,11:00-12:00,/
张建国,17,12:00-13:00,/
张建国,17,13:00-14:00,/
张建国,17,14:00-15:00,/
张建国,17,15:00-16:00,/
张建国,17,16:00-17:00,/
张建国,17,17:00-18:00,/
张建国,17,18:00-23:59,/
张建国,18,00:00-08:00,/
张建国,18,08:00-09:00,/
张建国,18,09:00-10:00,/
张建国,18,10:00-11:00,/
张建国,18,11:00-12:00,/
张建国,18,12:00-13:00,/
张建国,18,13:00-14:00,/
张建国,18,14:00-15:00,/
张建国,18,15:00-16:00,/
张建国,18,16:00-17:00,/
张建国,18,17:00-18:00,/
张建国,18,18:00-23:59,/
张建国,19,00:00-08:00,/
张建国,19,08:00-09:00,/
张建国,19,09:00-10:00,/
张建国,19,10:00-11:00,/
张建国,19,11:00-12:00,/
张建国,19,12:00-13:00,/
张建国,19,13:00-14:00,/
张建国,19,14:00-15:00,/
张建国,19,15:00-16:00,/
张建国,19,16:00-17:00,/
张建国,19,17:00-18:00,/
张建国,19,18:00-23:59,/
张建国,20,00:00-08:00,/
张建国,20,08:00-09:00,/
张建国,20,09:00-10:00,/
张建国,20,10:00-11:00,/
张建国,20,11:00-12:00,/
张建国,20,12:00-13:00,/
张建国,20,13:00-14:00,/
张建国,20,14:00-15:00,/
张建国,20,15:00-16:00,/
张建国,20,16:00-17:00,/
张建国,20,17:00-18:00,/
张建国,20,18:00-23:59,/
张建国,21,00:00-08:00,/
张建国,21,08:00-09:00,/
张建国,21,09:00-10:00,/
张建国,21,10:00-11:00,/
张建国,21,11:00-12:00,/
张建国,21,12:00-13:00,/
张建国,21,13:00-14:00,/
张建国,21,14:00-15:00,/
张建国,21,15:00-16:00,/
张建国,21,16:00-17:00,/
张建国,21,17:00-18:00,/
张建国,21,18:00-23:59,/
张建国,22,00:00-08:00,/
张建国,22,08:00-09:00,/
张建国,22,09:00-10:00,/
张建国,22,10:00-11:00,/
张建国,22,11:00-12:00,/
张建国,22,12:00-13:00,/
张建国,22,13:00-14:00,/
张建国,22,14:00-15:00,/
张建国,22,15:00-16:00,/
张建国,22,16:00-17:00,/
张建国,22,17:00-18:00,/
张建国,22,18:00-23:59,/
张建国,23,00:00-08:00,/
张建国,23,08:00-09:00,/
张建国,23,09:00-10:00,/
张建国,23,10:00-11:00,/
张建国,23,11:00-12:00,/
张建国,23,12:00-13:00,/
张建国,23,13:00-14:00,/
张建国,23,14:00-15:00,/
张建国,23,15:00-16:00,/
张建国,23,16:00-17:00,/
张建国,23,17:00-18:00,/
张建国,23,18:00-23:59,/
张建国,24,00:00-08:00,/
张建国,24,08:00-09:00,/
张建国,24,09:00-10:00,/
张建国,24,10:00-11:00,/
张建国,24,11:00-12:00,/
张建国,24,12:00-13:00,/
张建国,24,13:00-14:00,/
张建国,24,14:00-15:00,/
张建国,24,15:00-16:00,/
张建国,24,16:00-17:00,/
张建国,24,17:00-18:00,/
张建国,24,18:00-23:59,/
张建国,25,00:00-08:00,/
张建国,25,08:00-09:00,/
张建国,25,09:00-10:00,/
张建国,25,10:00-11:00,/
张建国,25,11:00-12:00,/
张建国,25,12:00-13:00,/
张建国,25,13:00-14:00,/
张建国,25,14:00-15:00,/
张建国,25,15:00-16:00,/
张建国,25,16:00-17:00,/
张建国,25,17:00-18:00,/
张建国,25,18:00-23:59,/
张建国,26,00:00-08:00,/
张建国,26,08:00-09:00,/
张建国,26,09:00-10:00,/
张建国,26,10:00-11:00,/
张建国,26,11:00-12:00,/
张建国,26,12:00-13:00,/
张建国,26,13:00-14:00,/
张建国,26,14:00-15:00,/
张建国,26,15:00-16:00,/
张建国,26,16:00-17:00,/
张建国,26,17:00-18:00,/
张建国,26,18:00-23:59,/
张建国,27,00:00-08:00,/
张建国,27,08:00-09:00,/
张建国,27,09:00-10:00,/
张建国,27,10:00-11:00,/
张建国,27,11:00-12:00,/
张建国,27,12:00-13:00,/
张建国,27,13:00-14:00,/
张建国,27,14:00-15:00,/
张建国,27,15:00-16:00,/
张建国,27,16:00-17:00,/
张建国,27,17:00-18:00,/
张建国,27,18:00-23:59,/
张建国,28,00:00-08:00,/
张建国,28,08:00-09:00,/
张建国,28,09:00-10:00,/
张建国,28,10:00-11:00,/
张建国,28,11:00-12:00,/
张建国,28,12:00-13:00,/
张建国,28,13:00-14:00,/
张建国,28,14:00-15:00,/
张建国,28,15:00-16:00,/
张建国,28,16:00-17:00,/
张建国,28,17:00-18:00,/
张建国,28,18:00-23:59,/
张建国,29,00:00-08:00,/
张建国,29,08:00-09:00,/
张建国,29,09:00-10:00,/
张建国,29,10:00-11:00,/
张建国,29,11:00-12:00,/
张建国,29,12:00-13:00,/
张建国,29,13:00-14:00,/
张建国,29,14:00-15:00,/
张建国,29,15:00-16:00,/
张建国,29,16:00-17:00,/
张建国,29,17:00-18:00,/
张建国,29,18:00-23:59,/
张建国,30,00:00-08:00,/
张建国,30,08:00-09:00,/
张建国,30,09:00-10:00,/
张建国,30,10:00-11:00,/
张建国,30,11:00-12:00,/
张建国,30,12:00-13:00,/
张建国,30,13:00-14:00,/
张建国,30,14:00-15:00,/
张建国,30,15:00-16:00,/
张建国,30,16:00-17:00,/
张建国,30,17:00-18:00,/
张建国,30,18:00-23:59,/
张建国,31,00:00-08:00,/
张建国,31,08:00-09:00,/
张建国,31,09:00-10:00,/
张建国,31,10:00-11:00,/
张建国,31,11:00-12:00,/
张建国,31,12:00-13:00,/
张建国,31,13:00-14:00,/
张建国,31,14:00-15:00,/
张建国,31,15:00-16:00,/
张建国,31,16:00-17:00,/
张建国,31,17:00-18:00,/
张建国,31,18:00-23:59,/
金正华,1,00:00-08:00,/
金正华,1,08:00-09:00,/
金正华,1,09:00-10:00,/
金正华,1,10:00-11:00,/
金正华,1,11:00-12:00,/
金正华,1,12:00-13:00,/
金正华,1,13:00-14:00,/
金正华,1,14:00-15:00,/
金正华,1,15:00-16:00,/
金正华,1,16:00-17:00,/
金正华,1,17:00-18:00,/
金正华,1,18:00-23:59,/
金正华,2,00:00-08:00,/
金正华,2,08:00-09:00,/
金正华,2,09:00-10:00,/
金正华,2,10:00-11:00,/
金正华,2,11:00-12:00,/
金正华,2,12:00-13:00,/
金正华,2,13:00-14:00,/
金正华,2,14:00-15:00,/
金正华,2,15:00-16:00,/
金正华,2,16:00-17:00,/
金正华,2,17:00-18:00,/
金正华,2,18:00-23:59,/
金正华,3,00:00-08:00,/
金正华,3,08:00-09:00,/
金正华,3,09:00-10:00,/
金正华,3,10:00-11:00,/
金正华,3,11:00-12:00,/
金正华,3,12:00-13:00,/
金正华,3,13:00-14:00,/
金正华,3,14:00-15:00,/
金正华,3,15:00-16:00,/
金正华,3,16:00-17:00,/
金正华,3,17:00-18:00,/
金正华,3,18:00-23:59,/
金正华,4,00:00-08:00,/
金正华,4,08:00-09:00,/
金正华,4,09:00-10:00,/
金正华,4,10:00-11:00,/
金正华,4,11:00-12:00,/
金正华,4,12:00-13:00,/
金正华,4,13:00-14:00,/
金正华,4,14:00-15:00,/
金正华,4,15:00-16:00,/
金正华,4,16:00-17:00,/
金正华,4,17:00-18:00,/
金正华,4,18:00-23:59,/
金正华,5,00:00-08:00,/
金正华,5,08:00-09:00,/
金正华,5,09:00-10:00,/
金正华,5,10:00-11:00,/
金正华,5,11:00-12:00,/
金正华,5,12:00-13:00,/
金正华,5,13:00-14:00,/
金正华,5,14:00-15:00,/
金正华,5,15:00-16:00,/
金正华,5,16:00-17:00,/
金正华,5,17:00-18:00,/
金正华,5,18:00-23:59,/
金正华,6,00:00-08:00,/
金正华,6,08:00-09:00,/
金正华,6,09:00-10:00,/
金正华,6,10:00-11:00,/
金正华,6,11:00-12:00,/
金正华,6,12:00-13:00,/
金正华,6,13:00-14:00,/
金正华,6,14:00-15:00,/
金正华,6,15:00-16:00,/
金正华,6,16:00-17:00,/
金正华,6,17:00-18:00,/
金正华,6,18:00-23:59,/
金正华,7,00:00-08:00,/
金正华,7,08:00-09:00,/
金正华,7,09:00-10:00,/
金正华,7,10:00-11:00,/
金正华,7,11:00-12:00,/
金正华,7,12:00-13:00,/
金正华,7,13:00-14:00,/
金正华,7,14:00-15:00,/
金正华,7,15:00-16:00,/
金正华,7,16:00-17:00,/
金正华,7,17:00-18:00,/
金正华,7,18:00-23:59,/
金正华,8,00:00-08:00,/
金正华,8,08:00-09:00,/
金正华,8,09:00-10:00,/
金正华,8,10:00-11:00,/
金正华,8,11:00-12:00,/
金正华,8,12:00-13:00,/
金正华,8,13:00-14:00,/
金正华,8,14:00-15:00,/
金正华,8,15:00-16:00,/
金正华,8,16:00-17:00,/
金正华,8,17:00-18:00,/
金正华,8,18:00-23:59,/
金正华,9,00:00-08:00,/
金正华,9,08:00-09:00,/
金正华,9,09:00-10:00,/
金正华,9,10:00-11:00,/
金正华,9,11:00-12:00,/
金正华,9,12:00-13:00,/
金正华,9,13:00-14:00,/
金正华,9,14:00-15:00,/
金正华,9,15:00-16:00,/
金正华,9,16:00-17:00,/
金正华,9,17:00-18:00,/
金正华,9,18:00-23:59,/
金正华,10,00:00-08:00,/
金正华,10,08:00-09:00,/
金正华,10,09:00-10:00,/
金正华,10,10:00-11:00,哈根达斯
金正华,10,11:00-12:00,/
金正华,10,12:00-13:00,/
金正华,10,13:00-14:00,/
金正华,10,14:00-15:00,/
金正华,10,15:00-16:00,/
金正华,10,16:00-17:00,/
金正华,10,17:00-18:00,/
金正华,10,18:00-23:59,/
金正华,11,00:00-08:00,哈根达斯
金正华,11,08:00-09:00,/
金正华,11,09:00-10:00,/
金正华,11,10:00-11:00,星巴克宝山万达店
金正华,11,11:00-12:00,/
金正华,11,12:00-13:00,/
金正华,11,13:00-14:00,/
金正华,11,14:00-15:00,/
金正华,11,15:00-16:00,/
金正华,11,16:00-17:00,/
金正华,11,17:00-18:00,/
金正华,11,18:00-23:59,/
金正华,12,00:00-08:00,/
金正华,12,08:00-09:00,/
金正华,12,09:00-10:00,/
金正华,12,10:00-11:00,/
金正华,12,11:00-12:00,/
金正华,12,12:00-13:00,/
金正华,12,13:00-14:00,/
金正华,12,14:00-15:00,/
金正华,12,15:00-16:00,/
金正华,12,16:00-17:00,/
金正华,12,17:00-18:00,/
金正华,12,18:00-23:59,/
金正华,13,00:00-08:00,/
金正华,13,08:00-09:00,/
金正华,13,09:00-10:00,/
金正华,13,10:00-11:00,/
金正华,13,11:00-12:00,/
金正华,13,12:00-13:00,/
金正华,13,13:00-14:00,/
金正华,13,14:00-15:00,/
金正华,13,15:00-16:00,/
金正华,13,16:00-17:00,/
金正华,13,17:00-18:00,/
金正华,13,18:00-23:59,/
金正华,14,00:00-08:00,/
金正华,14,08:00-09:00,/
金正华,14,09:00-10:00,/
金正华,14,10:00-11:00,/
金正华,14,11:00-12:00,/
金正华,14,12:00-13:00,/
金正华,14,13:00-14:00,/
金正华,14,14:00-15:00,/
金正华,14,15:00-16:00,/
金正华,14,16:00-17:00,/
金正华,14,17:00-18:00,/
金正华,14,18:00-23:59,/
金正华,15,00:00-08:00,/
金正华,15,08:00-09:00,/
金正华,15,09:00-10:00,/
金正华,15,10:00-11:00,/
金正华,15,11:00-12:00,/
金正华,15,12:00-13:00,/
金正华,15,13:00-14:00,/
金正华,15,14:00-15:00,/
金正华,15,15:00-16:00,/
金正华,15,16:00-17:00,/
金正华,15,17:00-18:00,/
金正华,15,18:00-23:59,/
金正华,16,00:00-08:00,/
金正华,16,08:00-09:00,/
金正华,16,09:00-10:00,/
金正华,16,10:00-11:00,/
金正华,16,11:00-12:00,/
金正华,16,12:00-13:00,/
金正华,16,13:00-14:00,/
金正华,16,14:00-15:00,/
金正华,16,15:00-16:00,/
金正华,16,16:00-17:00,/
金正华,16,17:00-18:00,/
金正华,16,18:00-23:59,/
金正华,17,00:00-08:00,/
金正华,17,08:00-09:00,/
金正华,17,09:00-10:00,/
金正华,17,10:00-11:00,/
金正华,17,11:00-12:00,/
金正华,17,12:00-13:00,/
金正华,17,13:00-14:00,/
金正华,17,14:00-15:00,/
金正华,17,15:00-16:00,/
金正华,17,16:00-17:00,/
金正华,17,17:00-18:00,/
金正华,17,18:00-23:59,/
金正华,18,00:00-08:00,/
金正华,18,08:00-09:00,/
金正华,18,09:00-10:00,/
金正华,18,10:00-11:00,/
金正华,18,11:00-12:00,/
金正华,18,12:00-13:00,/
金正华,18,13:00-14:00,/
金正华,18,14:00-15:00,/
金正华,18,15:00-16:00,/
金正华,18,16:00-17:00,/
金正华,18,17:00-18:00,/
金正华,18,18:00-23:59,/
金正华,19,00:00-08:00,/
金正华,19,08:00-09:00,/
金正华,19,09:00-10:00,/
金正华,19,10:00-11:00,/
金正华,19,11:00-12:00,/
金正华,19,12:00-13:00,/
金正华,19,13:00-14:00,/
金正华,19,14:00-15:00,/
金正华,19,15:00-16:00,/
金正华,19,16:00-17:00,/
金正华,19,17:00-18:00,/
金正华,19,18:00-23:59,/
金正华,20,00:00-08:00,/
金正华,20,08:00-09:00,/
金正华,20,09:00-10:00,/
金正华,20,10:00-11:00,/
金正华,20,11:00-12:00,/
金正华,20,12:00-13:00,/
金正华,20,13:00-14:00,/
金正华,20,14:00-15:00,/
金正华,20,15:00-16:00,/
金正华,20,16:00-17:00,/
金正华,20,17:00-18:00,/
金正华,20,18:00-23:59,/
金正华,21,00:00-08:00,/
金正华,21,08:00-09:00,/
金正华,21,09:00-10:00,/
金正华,21,10:00-11:00,/
金正华,21,11:00-12:00,/
金正华,21,12:00-13:00,/
金正华,21,13:00-14:00,/
金正华,21,14:00-15:00,/
金正华,21,15:00-16:00,/
金正华,21,16:00-17:00,/
金正华,21,17:00-18:00,/
金正华,21,18:00-23:59,/
金正华,22,00:00-08:00,/
金正华,22,08:00-09:00,/
金正华,22,09:00-10:00,/
金正华,22,10:00-11:00,/
金正华,22,11:00-12:00,/
金正华,22,12:00-13:00,/
金正华,22,13:00-14:00,/
金正华,22,14:00-15:00,/
金正华,22,15:00-16:00,/
金正华,22,16:00-17:00,/
金正华,22,17:00-18:00,/
金正华,22,18:00-23:59,/
金正华,23,00:00-08:00,/
金正华,23,08:00-09:00,/
金正华,23,09:00-10:00,/
金正华,23,10:00-11:00,/
金正华,23,11:00-12:00,/
金正华,23,12:00-13:00,/
金正华,23,13:00-14:00,/
金正华,23,14:00-15:00,/
金正华,23,15:00-16:00,/
金正华,23,16:00-17:00,/
金正华,23,17:00-18:00,/
金正华,23,18:00-23:59,/
金正华,24,00:00-08:00,/
金正华,24,08:00-09:00,/
金正华,24,09:00-10:00,/
金正华,24,10:00-11:00,/
金正华,24,11:00-12:00,/
金正华,24,12:00-13:00,/
金正华,24,13:00-14:00,/
金正华,24,14:00-15:00,/
金正华,24,15:00-16:00,/
金正华,24,16:00-17:00,/
金正华,24,17:00-18:00,/
金正华,24,18:00-23:59,/
金正华,25,00:00-08:00,/
金正华,25,08:00-09:00,/
金正华,25,09:00-10:00,/
金正华,25,10:00-11:00,/
金正华,25,11:00-12:00,/
金正华,25,12:00-13:00,/
金正华,25,13:00-14:00,/
金正华,25,14:00-15:00,/
金正华,25,15:00-16:00,/
金正华,25,16:00-17:00,/
金正华,25,17:00-18:00,/
金正华,25,18:00-23:59,/
金正华,26,00:00-08:00,/
金正华,26,08:00-09:00,/
金正华,26,09:00-10:00,/
金正华,26,10:00-11:00,/
金正华,26,11:00-12:00,/
金正华,26,12:00-13:00,/
金正华,26,13:00-14:00,/
金正华,26,14:00-15:00,/
金正华,26,15:00-16:00,/
金正华,26,16:00-17:00,/
金正华,26,17:00-18:00,/
金正华,26,18:00-23:59,/
金正华,27,00:00-08:00,/
金正华,27,08:00-09:00,/
金正华,27,09:00-10:00,/
金正华,27,10:00-11:00,/
金正华,27,11:00-12:00,/
金正华,27,12:00-13:00,/
金正华,27,13:00-14:00,/
金正华,27,14:00-15:00,/
金正华,27,15:00-16:00,/
金正华,27,16:00-17:00,/
金正华,27,17:00-18:00,/
金正华,27,18:00-23:59,/
金正华,28,00:00-08:00,/
金正华,28,08:00-09:00,/
金正华,28,09:00-10:00,/
金正华,28,10:00-11:00,/
金正华,28,11:00-12:00,/
金正华,28,12:00-13:00,/
金正华,28,13:00-14:00,/
金正华,28,14:00-15:00,/
金正华,28,15:00-16:00,/
金正华,28,16:00-17:00,/
金正华,28,17:00-18:00,/
金正华,28,18:00-23:59,/
金正华,29,00:00-08:00,/
金正华,29,08:00-09:00,/
金正华,29,09:00-10:00,/
金正华,29,10:00-11:00,/
金正华,29,11:00-12:00,/
金正华,29,12:00-13:00,/
金正华,29,13:00-14:00,/
金正华,29,14:00-15:00,/
金正华,29,15:00-16:00,/
金正华,29,16:00-17:00,/
金正华,29,17:00-18:00,/
金正华,29,18:00-23:59,/
金正华,30,00:00-08:00,/
金正华,30,08:00-09:00,/
金正华,30,09:00-10:00,/
金正华,30,10:00-11:00,/
金正华,30,11:00-12:00,/
金正华,30,12:00-13:00,/
金正华,30,13:00-14:00,/
金正华,30,14:00-15:00,/
金正华,30,15:00-16:00,/
金正华,30,16:00-17:00,/
金正华,30,17:00-18:00,/
金正华,30,18:00-23:59,/
金正华,31,00:00-08:00,/
金正华,31,08:00-09:00,/
金正华,31,09:00-10:00,/
金正华,31,10:00-11:00,/
金正华,31,11:00-12:00,/
金正华,31,12:00-13:00,/
金正华,31,13:00-14:00,/
金正华,31,14:00-15:00,/
金正华,31,15:00-16:00,/
金正华,31,16:00-17:00,/
金正华,31,17:00-18:00,/
金正华,31,18:00-23:59,/